{"(4, 4)":{"0":0.84653},"(5, 5)":{"0":0.93858},"(6, 6)":{"0":0.9086},"(7, 7)":{"0":0.95859},"(8, 8)":{"0":0.93973}}