{"(6, 6)":{"0":0.972,"1":0.9651333333,"2":0.9204333333,"3":0.8329666667,"4":0.7802666667,"5":0.7151666667,"6":0.6911666667,"7":0.6646,"8":0.6042666667,"9":0.5486666667},"(8, 8)":{"0":0.9984666667,"1":0.9918333333,"2":0.9562333333,"3":0.8632,"4":0.7992666667,"5":0.7240666667,"6":0.6883666667,"7":0.6488666667,"8":0.5745333333,"9":0.5149333333},"(10, 10)":{"0":0.9995,"1":0.9967,"2":0.9717666667,"3":0.8831333333,"4":0.8141333333,"5":0.7293333333,"6":0.6875666667,"7":0.6377,"8":0.5548333333,"9":0.4791},"(12, 12)":{"0":0.9999,"1":0.9987333333,"2":0.9797,"3":0.8982,"4":0.8194666667,"5":0.7273333333,"6":0.6774333333,"7":0.6279666667,"8":0.5353,"9":0.4528666667}}